116.38745520687361,39.93582521403428
-122.13991242830106,47.631875462600426
11.218403495952117,43.80316566525875
92.34064218640425,34.06747846654739
115.9680219335199,23.064913771168655
-87.64744202525218,41.89165508259542
124.91513023777371,46.62441992514109
103.91973762298683,13.448069366384306
118.26190894543545,29.74687685834205
113.2073573171655,34.83034383536583
2.3405532731449266,48.86113935737154
-112.21448542917098,36.15223167995801
37.419798463054185,55.96973116256163
104.06808866411333,30.654895878447128
126.97330282086082,37.56610071917501
117.02792926339974,40.4728242909914
98.38855157669254,7.886047663542668
111.00498624334247,25.95901359825528
-149.40242119943412,59.92947841787327
101.60344523464629,36.646203372299894
7.0524385804401,43.55857232762833
120.99658508332395,24.792731207385792
109.22392671988784,18.306431321801
91.37938525701755,30.54491959649126
101.78136604400008,2.764099387999999
119.48645657563135,39.82004955391059
114.0269646951752,32.978923468327544
125.43943293939387,42.38064874242427
-3.5913689896388417,40.469253367377114
24.951818045791608,60.223752990545144
116.3188795793594,42.813546457651256
86.77012682897683,42.925358505601146
108.93974843401983,34.24829843473338
-117.3146560712627,33.1083199016267
114.88545072375024,38.47253033950856
110.77893464559422,37.415919083858235
-71.07743903453918,42.353574833887784
174.88310238235292,56.00950641176471
117.44841774375952,49.58762895383459
117.27038428262247,33.35044446113182
114.99198542625649,27.113765259092172
116.47509195506078,40.157660101800985
110.45959520762705,12.389095021186444
121.41058836591112,31.214077803100277
110.14428768217476,20.042107201577828
116.11947706736727,40.2504120825463
121.5500922013012,38.88215505908923
95.88897940211643,40.95095395590828
95.12088743248016,36.70661915136804
103.8449996978286,36.044767426423256
8.649898840635212,49.872277829425464
117.93057832307635,39.79457553874952
-178.33259484062498,58.06985744375
108.3305866148166,22.814761078889216
120.41766042561439,36.08039787632608
102.21938789531687,27.864396221303945
96.72571275796179,37.19645109483373
114.31273216732096,29.914014902028153
120.23654514854685,31.56736670826692
-93.16307957581742,44.97056930760148
116.1936633580663,39.993345693372625
116.85167303444541,38.56016381873421
117.36210136108214,31.006294467429775
125.2960836177719,43.874757014055334
112.61058100850808,26.901751192210867
115.84266155262239,29.48712362779021
98.4525139918648,36.95429913057985
83.0237024367889,41.70258322756012
113.12789890854081,40.1125354505532
117.94372593427259,41.00677569930158
114.87313390929012,25.82988445873919
103.84292507902633,1.2912686946544258
-115.16940467328875,36.095845933522604
113.98121124734179,22.539944780668026
118.12932408267562,24.504295894764994
105.00196288785054,4.1886332897196255
116.488580709171,39.866319069170586
119.78331219217397,51.15177822282605
112.32151937985834,34.697286406241695
116.95413862248749,35.401031837394136
116.30128718439421,33.3151850347998
121.02890995511548,40.94831981360751
8.87310404301075,44.891017567204315
112.59774827494718,37.78473545431431
110.85514278327429,34.518426477941766
-121.92896290603825,37.361302963181124
97.83845851799197,37.051757091959125
117.18842680054883,39.175285382948665
115.9784567223734,28.29734832590707
93.08498778338284,42.992799112759656
118.5862464615556,39.84634504534027
106.63222721911548,29.716058451895705
93.71493996877562,35.49548836400986
128.05271546417208,42.03805178036029
113.9711805143325,31.349186801310406
2.1676274641630897,41.38567006351929
114.46005625456765,36.57796209850328
91.53196844006077,32.863828378098155
109.38596910789992,24.314047159922932
98.22794400303948,39.7648627426545
126.29882173409082,45.41502507954542
111.89183234871653,34.72526522334845
115.90025617183967,39.378311475563684
115.81250416909366,44.54681727993675
116.33025645063545,39.69597828846827
104.76916229219854,31.74311699522888
-130.26122571395348,48.881881772093
113.55954625990222,27.79015781564793
110.43248503808819,19.45820829074357
120.16784122675277,30.27438702102619
115.76572047993537,37.66932925815987
-150.10334945798905,62.30800519376925
87.1268081109075,42.82084764436304
117.20261440278426,32.33005574432787
106.07361887199993,33.339596092333345
92.00408593229876,31.4544526
117.94947480228588,27.643861274186133
116.2976396832861,39.873873099428884
120.71255874243703,23.477924689703524
123.52231805793366,42.10848243404915
116.79405348493168,39.947617516308625
117.26890376821659,42.61464338445698
114.06224965220423,30.94283287015074
106.33394201388889,6.274529407407406
113.77528636372955,34.41489904915793
135.76073199105153,34.99933115212531
-135.95282409268293,49.53029925365854
115.59324506712403,40.38276510757757
110.49442562367238,24.916761612038453
-168.3800417357143,50.223271930952365
117.40037344562471,40.976113357458566
117.84438053550093,41.70322205695233
113.94355440384625,40.03892221153846
114.34137971829497,30.69389496695056
113.44532538811191,39.5933824149184
117.29204725022501,31.8561853569347
-154.70503472162162,51.10616251351352
-118.20529614230979,34.03445449315818
-77.03683946388476,38.880345571756436
124.50203468790089,43.26540729444894
92.18943545168344,33.7581656716222
117.52084971535669,43.96106312649207
119.72755507946181,49.26003789185552
102.31612114274611,25.083423140418923
4.855947747497644,45.77086333597997
113.93784772535966,35.39520833757019
76.00054287051032,39.4769892967864
102.57711949253729,37.9410183283582
116.3392545350139,26.306269023200137
101.6510494514768,4.345973793248947
116.2323167860008,36.593227925100294
121.21712621301954,29.701099032156822
115.86398386215997,32.921453960410155
109.93262189781024,28.664990227088406
12.481885565281429,41.89639778745824
120.80034111702113,30.07296936474168
121.12629767377597,30.60770735305688
117.12573880869259,24.61016325737172
116.8213936505207,36.72159572620112
-159.04000654130434,57.764055232608676
116.32906869192153,39.98266122495039
116.42258818024212,25.09779429713067
113.06215155499372,39.66668848925414
116.99714843226002,32.63757975735112
103.6336016348402,30.98618882001904
129.20011209813677,44.56613086086965
119.86977643838615,33.617995136314065
118.15137549117078,39.64655258665971
86.39059038888898,42.29371446413047
115.15759873388116,40.56257871403289
101.76211133578869,25.159507630755257
116.43654497320938,37.18117367379114
120.26833781484667,30.175574168875315
124.99282312297213,44.99146145002622
114.69336640355968,41.15325112244901
112.75016955618501,25.739322768649686
-144.67334597647059,50.57934743529412
-122.23987259374992,46.81306662643335
117.44497521618725,24.553812057857964
112.96660075517241,42.23367491206894
117.31482414422396,39.76080514480599
-149.21584138974035,60.850544791223804
113.05056560594473,28.707153538853515
113.08863463805567,27.891401133825575
119.07301726044439,32.166251761764705
114.91803654787502,30.68541795982081
112.17466458460001,37.20216638745919
100.76423242975208,38.865730333333346
-121.83253377789813,47.527245994769125
111.69034415126053,14.234558306722686
117.24435231485816,34.79129760981344
115.49782271793883,26.52029360419848
114.59396999946698,37.58767852690341
88.86081158732686,43.13819104052761
115.0336063827859,22.817526104190247
-148.24256145675676,50.888593594594596
111.60028963901074,26.4170435469615
116.27886572737529,40.10257978672343
120.61976213567809,24.13160632188577
113.9659479282869,20.507981725099608
115.59124245252733,39.817726519956324
101.29057358743171,38.72959352185792
126.89097297719299,43.938516210526295
113.30645496945412,23.14506639577465
92.93541660752174,34.876829147219524
7.6158110176730505,43.78629942415315
178.70519095357145,57.246330425000004
115.73627199906528,34.32704552715464
116.44021395486519,40.01996281813275
117.67091661334447,39.04341365082529
106.07024569013099,30.798108013222645
100.40374870456363,25.527964765412307
91.80573523241593,43.17435995107032
100.74012305160332,36.87222810917226
-124.05821716933337,48.19302712533334
100.71575089558239,6.067306698795185
118.64937349493174,39.40544326675562
121.26513951933089,32.05665145808981
126.74103203108974,42.03239487676284
116.56544486357926,40.057093015542804
113.94798238382413,33.737152852848595
113.88589242047672,37.92779070018688
-172.52847172187498,58.703304890625
122.22327176342093,41.36698943109381
-149.71651714169136,61.59711043510328
93.0285853619908,30.0030397524241
91.62112999942792,32.24205012871857
104.77684067837544,34.8128595279912
91.86838791858267,33.259363325292135
94.38368224147492,35.86757338009425
-117.90997428241043,33.640884844187454
117.31938243107652,40.91580517782303
110.0684971257191,25.587238362549815
113.33528365432097,16.55461544855967
120.27584043938275,51.31787623259258
117.03714137990958,35.740136774819256
118.08295637130799,36.78892151898732
-127.42632074615385,49.550402019230795
115.09772814207788,32.11613552357143
116.91902234971066,36.38139028351362
-165.5108231897436,58.501590164102566
-121.42322232700589,47.40911490923394
113.6478610105882,39.079866841176454
113.55919325439108,22.17387887417552
114.94451334086499,26.792002757137634
176.10789166,46.97423142285714
84.98941986442513,42.015288822125875
88.64041000152099,43.1183367771863
115.82373117978698,25.829691667170874
116.67395539380381,40.378557927630204
149.369843,58.016553
115.92308736296143,35.81606564196963
116.41016227770503,40.07021374920873
115.54786770267367,38.91642635235709
118.29613398977439,32.34843929515074
91.59145369132075,30.78256267018867
117.918119638222,30.526634955544157
116.46493085950212,37.775131783632254
115.39503736606235,27.730463149471298
117.16616946757728,40.69758293233175
116.83040823962524,39.443807444652606
116.29137196903811,39.76846910838465
110.18670957736539,25.271115710647074
116.47748918025157,40.08645478730691
93.30876986814424,35.31278888842975
114.95690074427485,31.145646100113076
114.57441952669967,38.17357731636165
117.52466121513673,43.24483000789625
107.69042199553239,34.30631005730334
112.88247175945332,27.192682493090373
101.89001341949164,3.917063398305086
117.17407230151733,34.993175068422936
117.80931462917725,30.90280150958103
98.12369127233033,36.996099387058344
116.71277900996145,39.530305599197504
116.33006290019509,38.89651958149485
120.02119637042254,30.23667746904935
116.2817290564772,39.2894577282294
110.36786008771935,29.12661699561403
120.30621946966512,40.33025535232383
92.24809413946582,43.13081392581603
89.95792445263154,43.0742616
4.4947753279883385,50.90090204664719
120.35241158056267,22.71953252652104
116.20253408413558,39.933773925980915
102.87083860440708,36.32795950647078
102.96971698514857,1.7104814257425742
116.04720588401024,38.57845785473839
111.19017294556474,37.50074194758064
9.28094347898089,45.344866686624215
116.4522704881532,39.884371941540714
114.01070639500035,22.310218628771043
112.81916596399866,37.71060643181819
114.30040098024251,30.541283376274272
121.55624274319665,25.049469058908652
109.88033072413785,11.45623634913793
76.47680228735622,39.773506436781595
117.76888934300945,24.50373435508316
99.06772275312497,37.22723305874999
126.2050217471344,41.1516310151719
117.78078990843483,34.285549162877764
113.4426539732218,25.142218246025088
113.73297718860627,29.596526644176713
118.24997479158431,39.81012354527667
116.47357530291845,39.92881206458363
12.040814706203466,42.89914792803971
91.08412510791558,29.639236662679725
116.26388625455196,40.2319442495287
114.32537985928704,22.734235317073228
105.94322195878478,34.5631681553006
116.00710360878587,40.35628288203944
126.636510768473,45.7527991497537
116.72909058063385,43.358468033058834
115.45291890514356,38.85071832301025
86.40933797761099,42.83708712357716
104.57640525147414,35.65477780853278
117.74953744369884,41.33177365222845
117.65062684531057,42.086591086894416
115.22079209584724,30.44797020725125
117.28013158336752,40.18618158940947
110.36387925073689,19.709268915368423
113.01201375433021,28.22040511511723
104.40099042270806,31.197765460460737
121.97684888327008,46.78882956173618
120.7534386685652,30.70909534499595
116.79558055505524,40.564819775744866
109.97585668941664,18.50385791458333
119.99580978117417,40.144803544129076
95.74951954331914,37.28305041547942
116.60807180703029,41.30359457175757
116.34899830852021,39.985077458372125
114.33230768927942,36.12349122172125
112.24883974312549,37.77925069574679
116.97048621073823,42.122775798881406
116.59649115233222,38.059757444685054
94.54221159544166,41.62569293732192
-117.15480251343713,32.699892538064766
117.98842710377839,32.761871445361045
117.82834853852093,41.24434900515398
116.12638673813095,43.651189381308384
116.41820126961193,39.99167988697458
88.82830062099401,43.06815218718067
86.3538628408349,41.872255977038456
117.15934548794681,39.781598635972415
116.71382752419807,40.14808294536328
10.576027376923077,44.744736569230795
-174.42346937857144,49.240971064285716
125.13514970436812,44.62970451770108
116.92914859277157,38.99376128040925
94.77893098558016,36.137416622065736
116.12837190886681,38.97452895977327
111.81758414749126,36.97649588182349
112.61032481164384,34.719543423801376
114.04346911830235,32.4854008974359
121.05430773638732,31.113898364226525
121.25216465383947,31.29466994644177
-153.0242249023256,56.043982423255805
125.9668547550754,41.73931796333895
110.3461482569419,34.515851265009374
115.58187584446375,34.835353607798616
116.87495395060735,39.81468166533335
113.7716891143771,34.2402292934101
128.37140263716216,43.384545939864886
91.80882073934838,31.583317082706767
98.85903319113685,37.028828449161345
114.48931841827559,37.066294291395096
-117.53930089583336,33.36058017100696
124.13843699343171,42.810143076113164
114.32844752460635,35.88160166701351
116.81691864266232,40.48173740080214
111.95388317239534,26.786450121502813
115.67915291147419,35.43153250585738
105.78598297344472,29.74599965885166
116.66426709264904,39.925436367137884
119.74872627474421,39.99199596700539
100.1711608465609,26.922247110297118
117.0968966217232,33.96237887794706
118.0208690855814,31.506966384651165
92.06668789613413,33.68217816581278
98.64371539444451,7.784683907222225
119.42456850000003,50.66535181992478
108.31779672444442,9.277771564444443
116.33035985371185,40.070656080408476
116.12497371193606,43.8412818368074
90.89315774772038,43.16262886930092
117.01777913984832,39.96555416624843
114.58841543771045,23.54205390572392
118.58674512472648,32.15694171866581
100.25960424994433,37.2436367157191
116.30030453776601,39.98573985589111
92.85555573647297,34.639647225116875
115.54744326525194,39.923295142771906
115.97301466014531,40.48391991247495
113.36155216668762,37.86137704516026
119.07963861824322,36.691159398648644
125.83099208884693,42.219577281663526
121.86971425034244,39.341686583219165
119.73947728715022,31.907122683996864
113.28222259120231,23.379335707380267
113.70492863901534,38.88075933563555
117.04315751602637,40.839944369447785
125.65168561809072,43.981209768591626
115.92291236055414,36.4588702054887
120.23102631839635,22.998384253835443
116.36745104443017,39.88404980598097
113.42007566786889,24.301157306557375
117.18166843468119,40.148697926945175
109.68954558737843,34.49140222726185
120.85081282991665,32.01083633356178
91.65162212303073,30.945041576894255
109.20688973362448,10.60650225764192
114.67849863520398,34.0574185382653
-70.51821122989692,41.70602748247422
115.59300907230984,30.00415512299334
117.70264443679847,40.579951380252275
-161.47026615405406,50.908309591891886
101.27770112206812,36.66705924033697
107.45382473094173,7.97692879820628
-148.8254929642857,54.81605997380954
110.31920366030349,21.234106383749424
110.39269423277808,25.197922050719168
115.04194439760848,39.97119874587835
124.56370281463415,37.12429459186992
112.27316419340613,37.59118008512643
124.78248953408523,43.48954316956279
116.9391371703852,28.121227941176464
118.09061722583334,49.34247944583333
120.35318566187298,31.583100804196846
116.46183631709425,39.97118896438215
114.03412815658855,33.108662688161644
116.34654597211457,37.32725081158679
115.46718036292681,32.571332715880736
118.25274321657723,34.30112641687537
121.72534995724442,39.06311826484566
116.30628452441053,37.47515783068779
106.56817642638534,33.93323228589085
114.54107907220096,38.81679211684215
113.66363397085705,34.73694147547986
-149.85704961546685,61.18965848166674
-3.882302185245374,40.50259541241468
124.10719269678562,41.91121564410713
116.98660365748742,39.06431103589827
119.16504020793164,29.58727116827435
114.31316401883042,30.293915486510954
120.22200264239831,36.36066469379015
117.23866948236956,34.317484986790035
117.76268067978368,41.93421516889491
114.56349607970108,40.235062416050354
121.44348893815275,29.866490426907628
80.44617044313728,41.179331109803925
126.48244245694252,37.472082619327516
109.24048858581911,34.388588141338595
109.4984498436151,18.25700928432574
113.50171400292558,26.91607202712767
117.23310636720112,31.52449235726275
119.9645530275654,50.13095150794765
178.4062240625,47.600509275
116.39905411742843,39.967015557554646
116.4800808043859,39.887887315163546
101.24857624390249,3.69052149593496
97.53507541850223,39.96761566519825
128.86901467832584,43.11492862481318
85.79081170845677,41.85267486498516
90.68220405681824,29.960630883522782
-122.19632275715652,47.75218331220957
87.82856757911816,42.81785060371243
92.05661886643446,29.714786774680608
116.55080628794259,37.04877346230341
116.12574656480943,40.17822157815183
8.424773149328862,44.25993887416106
115.92532858982034,44.09354566826343
127.92029538943969,41.92352473821465
108.22496426353466,34.537894090143105
113.13245402951385,29.3843789717882
116.53363881998132,39.95091404134837
115.87645745654855,40.03069259346638
88.01620164775522,42.919674258510085
-118.3993311855273,34.055266227482676
116.31072185739379,39.94780733807365
119.6582115603463,29.749475702215634
115.72562858078258,37.32607478353147
98.46091736787578,8.341674559801376
-169.89732922,58.72603485999998
110.1222108394724,25.75010060137764
120.34646276666646,23.43514317205305
113.55468537645778,35.01219103886744
84.13373261899905,41.878006121552644
-162.76004282432436,50.812921427027035
116.64583173201389,25.440231044918146
109.1138363686553,19.356416256455933
95.8925913509496,37.32178993393889
116.6038472432406,39.387637160513144
107.42338720111795,34.34629348264739
116.35496181091365,40.48415799201918
125.77983669931693,41.77709824221312
120.7167493849514,31.34998933238038
102.12393791129031,2.346749713709678
103.1000755871833,36.98651054545455
105.56639581503626,32.33575213695656
116.4273352358514,39.86357652615754
-131.69521868863634,48.97621521818183
123.51877274919356,37.46431429758064
120.58887217318156,36.21013647204133
109.68943477586201,19.619084785714268
115.88711147940359,28.679832274984502
116.88494096683715,39.60466718857628
-149.3755577002167,60.44823683661974
115.303763286343,41.97753174506831
114.5053551687347,37.201326642934525
115.75044608794559,36.819286160941886
116.30485269278961,40.01529959832212
116.34209685350615,39.8998634611856
-146.05887511219515,54.33246105121952
117.07614958505448,39.33669518672308
112.0175344121951,42.99392235365853
121.24674022972535,25.03461827789494
104.73920060093901,3.78611654460094
142.879521475,24.470325075000005
-166.95337823499995,50.400256860000006
115.79875135509457,33.66059721249403
120.13716998592531,32.50835620680404
116.09655558765573,39.87433347177183
102.08995292526697,28.201233056939543
112.15307181818183,32.00292515151516
-172.88956467441864,49.52569016744186
91.71474698744044,33.05557395495884
97.24661943149285,40.121783488752556
115.31873181854037,38.71216281652859
-149.53556014020108,60.56951488743715
105.75592725835344,29.52469678184019
100.89926753487491,36.864248590292384
110.09602486776875,25.35913280408356
114.33703075822785,30.478182940550276
110.23757815746748,18.66247844650974
-117.89699141351076,33.78319015660185
116.84210259276509,35.5922552018238
111.04873604700857,13.324622358974354
78.65160497969538,39.985562928933966
120.05131680866437,32.90896197472924
117.40407618945224,39.99291012861078
121.27206859655921,38.81169986630106
-149.35686031509883,60.27658007003486
95.5022721278366,37.111089958774585
94.06543753222599,35.686270384717645
116.20206938415264,39.82678911691318
117.68337751489254,39.74466296963707
111.69450425060462,27.71523326882764
118.66774504015662,39.50218907628583
113.87192768145174,19.34018654032257
115.60103892326133,39.262832718225404
120.88783924610202,40.83739877498058
114.0308811622976,33.48768073849911
119.95910245468517,51.37843126819173
117.72626916280865,41.42020823406231
116.99970236166261,33.82284121525424
8.660420372303681,50.1105681173907
115.78813818955499,33.987411887792916
116.53199043727211,40.24129786475669
116.4274578857789,39.93429456945641
102.03435733150656,36.526334588115226
-141.1460326131579,50.160529152631575
108.55463052088776,34.35343692801437
116.55778153050544,40.39923083389701
101.20386244166664,5.220197675
110.06110628285931,25.69783789431207
114.13320205748332,35.548052420819616
121.62920406491223,44.97406029649123
102.1877122006026,27.582739911445785
103.61443028202582,36.49813008540219
112.58827948717948,33.20924743589744
116.51568961705503,39.78728099942042
118.37707395010229,31.355668572634137
119.40881404915773,39.8432423183397
99.07381979389316,39.3602603206107
116.5418764686075,39.91069654758914
114.10336823200534,32.07734508618859
91.50464452951023,32.70171782747906
125.04137485546619,43.68933333886653
111.08251047066541,34.69429881599475
117.74223299038464,34.8481919525641
122.53744739692979,40.874168927631565
116.30256749406215,40.08752020688504
104.70361381597569,35.02290599393326
115.66372642629592,37.75804119224043
114.61094014037769,30.99987588055129
117.35347515262724,42.38450503058505
117.47985319759309,31.81644490284466
8.882804166130745,44.44719113397647
107.93970023707425,34.27025719555184
110.08553549075846,25.23400778432122
116.44788400068228,40.360611181768554
109.64062539242852,28.12906703601107
79.62002145142858,40.62180724571427
116.38236742461734,39.99102740501271
11.192200351063825,44.552394677304996
114.39769615417728,31.32441852101265
113.75111054713747,23.02536647316927
114.17940224594594,38.29308832162162
122.74544846294405,41.55075195950556
-118.38532320545829,33.945916100066604
123.95186347101449,42.39825197971012
117.57125918394244,30.887384311074225
-137.41077318285718,52.57340584285712
121.60166505625003,43.36382473437501
115.05371080291908,25.91035059301223
98.3433426480812,7.7672108428423545
-149.4240980858895,60.102572803332414
113.14209782471843,37.860392477711905
117.93455840202525,40.97866698517993
110.33746168981477,27.852243518518524
-149.7899627927226,59.81868712371382
102.39714211201674,36.47673336447228
116.79922416827313,42.96408090963857
116.39535365314772,39.825350609255494
96.27039656560281,40.75589825177307
113.69048995146846,37.80098407752025
-179.42769077499997,48.142848487500004
103.5495005946648,36.12571754508971
116.92826907667238,40.14772053152331
91.7334515100887,31.257012364003252
-138.59440205757576,52.71340883939394
-150.0371082299677,61.76731669749598
113.9644596557403,31.22270352684085
116.14850959444688,23.39987320328335
119.00776630344245,39.70410218892887
115.10224468976746,41.689275198372115
108.7514477964823,18.65898478643216
120.38636990280958,31.667967014787376
110.59911202686203,25.617333048433032
89.10563560215053,43.00425368866088
116.18140788756477,38.73362265496936
122.13611107205622,47.53015855301695
106.7619358975439,34.13168361346488
114.87876431653736,40.4665135594315
113.73963131967216,17.604519270491807
116.8585297514281,38.27639747956324
115.76124496010067,29.266248698055367
110.05362510576028,20.562274212464565
112.80382357258836,27.017700464024184
118.7518855989774,32.09758100159303
115.2959703857385,40.48497467494709
117.80908175875572,39.76086009714718
99.77931619645322,37.17386102376031
109.87102055817621,27.74442531446541
116.06958886496085,40.287907846065295
113.90903620965851,29.710996352010778
116.16816866736137,40.582887007455696
-157.41322455128198,51.08151644615386
113.60340023599123,22.62527345466955
91.29825108912516,29.660126657399875
100.29402923045271,6.339428934156379
109.08808752075622,34.31563386526116
113.60510602456141,28.65505633283207
117.4509679683124,39.7221274332953
121.58424853575661,38.899581218959234
116.3462213086064,40.02584190052173
114.80278045434783,35.255652627294694
105.80735897222218,5.42542764351852
119.81005330849554,29.85371784067299
121.09037286384797,31.311985849144616
12.411329023692796,42.40497620343135
103.55538113079663,36.3467004019025
104.17377175261718,35.93888729366386
100.60507064385378,36.54897361994908
109.16105281200002,23.54952334
103.24482834765625,1.4531753125000006
91.66673665922633,29.814446681547654
120.41307750319883,30.21715668200525
100.84228322008262,25.38063186840897
116.33540929627787,39.97540904746618
97.37737857601546,37.33792503467651
117.67537377175479,32.89576425745189
106.89050768181819,7.123183977272722
-131.63632727291667,50.934107133333335
118.18683303726036,30.115735940000036
115.89633488859215,40.37646424164952
119.42111510263616,39.79466780765381
116.2666291806031,39.973264026052625
115.90298616752261,29.89971188351676
103.85485431873904,13.39722019842568
115.67789909974672,34.44891472453032
116.31507894860448,26.100892589725024
91.83728707961095,33.1289600262968
116.53191846704033,27.294900294394616
-163.93641632000003,58.38366731750001
121.52539948214674,31.298034234160014
118.09461667720524,32.61882578598751
2.33868778807947,48.74746943897825
92.70786544583186,34.431572532500915
126.43792506169439,44.00275133226586
105.89040666666672,32.7207267659776
130.51338833703704,36.838980437037044
117.17753552697374,40.248099728478586
-118.06684285770743,33.90582885149634
120.48475829244879,30.740617039133973
119.34940824613942,39.926533745245976
114.26163646234936,38.05445607604045
101.04268061066828,36.8528816765788
120.07797320122494,30.103214873312314
120.40340128320804,32.770847235588995
116.62714779472408,40.11891400446673
115.90704457853666,42.57823262682927
113.94055601333332,24.30599173166667
123.42275176047973,41.794737175264856
102.14705898684899,25.227521955068507
119.78454236708863,36.407904037974696
113.80424028797195,39.57022756014047
125.27217261349215,41.711501905952375
-175.90211965714286,48.94369112619047
115.6049263130535,34.62619557805525
96.06323333414507,37.31563073989284
179.58386141923074,57.50193294615385
121.82830491276741,41.331139026017944
-150.51728918245607,62.58671458114034
128.1287961351821,42.43809623927179
113.97471162706582,38.878052705733545
117.38331004540728,40.84143476366536
101.60156294444442,31.29637097222222
116.68134560124182,40.03469859138704
119.38912236357349,32.33434706912403
117.85345951871386,31.62033065796546
-143.4280913564102,53.80144387435896
-150.2599401622222,55.10947547111111
114.7544410413924,38.64207344711493
113.47406238616713,26.05455622651296
101.73886127352941,38.55167225
91.21311329568967,30.509398887068947
-134.33318987499996,51.703605270454545
115.32738279829678,26.302621659714976
116.88775248810323,40.059159602227865
106.54019502167834,36.175022973426586
93.05698095043736,35.156001634985415
116.24479004450919,39.11929438689091
116.69808738547515,40.59916948626815
125.93515810112365,44.86070625561797
108.3633376521979,22.814773839640093
-125.08735192499995,48.49086694999999
112.4616361854263,34.68997414465841
119.1640385241781,33.59581088588008
117.13221423313453,42.65530618839556
108.97301203174612,22.94315373968253
119.32742788042856,39.70980731604556
116.10043007518206,39.96719618596182
113.77714903279474,37.856180535487226
116.5713217196518,43.75225192435565
-151.6396930837209,55.581578355813946
117.05993944679797,33.24746785123151
-117.65587750195778,33.48972270555988
116.31848391234097,40.00689296038403
-150.8369688216216,51.03241128648648
98.27658095356936,36.97896355803833
116.24452049792886,40.05893738779017
120.74178980184091,40.71854181686304
127.22510716431098,42.160613660777344
118.47237129913894,39.86462011067528
113.30619772504089,40.00431869967268
121.22037183068785,30.14718344406648
124.36070769895792,43.13578689826769
102.49890222580638,1.94535356048387
114.40556881677222,41.28139073643411
91.46300080223278,29.74740669537479
117.52109158253705,32.92014785870401
113.28582659772147,40.09060007186677
119.92806721329232,31.80579280032278
104.48696456542055,3.375943616822427
93.58852335559132,35.42568548753017
115.99628201546888,29.707158184039706
96.97809795006087,40.32874165286236
120.32273304254608,36.06172193257053
95.2500616125,41.25172944285716
109.93907011730764,36.01651167596153
-135.92107699743593,52.11090725641026
116.61324483778762,39.55611985131693
119.27233474464829,49.24402508593272
-121.96543571166124,46.74947788099034
-138.59661161025642,49.85372104871795
105.0391812554149,31.97719968832628
-70.99074399999996,42.153924540909074
117.799130400563,41.09195501424254
102.90627837341772,37.37000390506327
114.63648474953047,33.61565823661972
117.29330054154875,34.699448517523884
103.22245652233242,36.17344045037222
106.57543288888893,34.455788575533674
114.49087742410657,37.96553300137041
81.74225587577642,41.453318217391306
122.18115137459297,40.23338945602603
119.95025623049582,29.97784514841759
112.56907386413647,37.83754262375838
-154.91619,62.718268
117.50247379473686,39.04906518827183
117.70327884003973,43.441933380079654
115.79376784847628,33.835814960515435
11.208276989389958,43.979567957854485
-150.88665523080465,62.90602073436781
115.2849758818839,38.78126092164451
113.89219695200002,41.90720788000001
117.48260395744681,40.26464475957448
94.19156036529179,35.72458448978072
116.68586342078171,40.28130061069416
113.80540478288334,34.06180530548792
117.14596268138833,39.241998205174006
116.3252669745992,40.00042650446622
121.59053493914884,29.85412669361706
115.98467972952729,39.69812765158119
114.37658595032771,36.42222670779213
119.04922843610716,39.917764714035116
111.99470978132759,27.49564359668058
114.08896300166222,31.99283615279376
121.75969608777241,31.122321852758088
115.52123794511064,35.24507572892434
116.40757171022653,40.02869305617351
113.5587564456923,29.4867819189799
-149.45572080434803,60.965196027375285
113.91871694779113,19.92339984738958
114.17640316511626,39.300626686046506
105.31655787850467,4.568935369158879
99.32736863366338,6.969450679867988
114.34736398807122,30.541769517123168
116.30991998218089,39.89816462404351
117.49930828698506,41.01894728175642
115.16805742551642,27.300023833685465
114.93992847666667,30.997093424523822
118.20737789786567,32.50238248995316
97.2455338708891,37.274220048112056
111.5009935707802,37.3577205688694
116.40051341461026,39.98687135132067
116.50437117187495,31.257220884375
116.76978375000003,41.71373914038461
117.35799769300046,33.080494357627856
117.0898926102438,36.176904982007514
118.10016830339465,29.9584888953324
116.49709843459779,40.204311440536216
100.88059024302906,36.444548482416536
114.93567229968406,25.85597657639567
101.41087581254729,36.38041507936509
117.2648468394941,32.00201093256948
102.57088638423643,2.6438176896551733
126.1910967178681,41.726362943048414
99.40757245707476,37.18158397535773
116.13678069951952,39.74248967055911
116.90985523227813,38.798285409519146
-122.18405313158274,48.035977122684166
123.67720820213101,42.17101932923026
111.37482333333334,29.84731702702702
114.65964175865395,38.29469239348421
7.266068451126854,43.699750451759975
119.28321055527351,50.46010265742184
100.45785545224183,37.15764325974658
127.94209919970332,41.5411487648789
128.55929994632353,42.9542988857843
115.66115566007682,38.12378422679846
118.87345499742267,49.26899894948451
116.30703757464161,39.978904470985455
91.52110307639836,30.62326959072307
110.17608223076928,11.91771476068375
-3.7084638168548043,40.424803674192326
113.5104172006783,34.785683675387595
109.9758209194849,19.785892480676328
118.1335327346493,39.8015508152243
116.48518487326636,31.71383390961264
116.82246633139351,40.35251120109099
114.5973672401826,33.175217675114155
104.40302506725884,35.68394801988154
123.8208075231009,42.285485212585044
114.03637734094998,33.2376164549466
116.62028965730661,41.007944705730665
113.12192188868083,29.04990122014149
115.75638708913287,39.19752719065612
115.8216321046955,33.288931523372334
127.151208618123,45.416285100323634
114.20535510242875,38.84064982259763
110.34914388864156,20.005929431007747
115.91484454492864,39.605400804457624
119.39095840677963,38.83581966101694
94.90753887995619,36.393451192070245
101.54902458999997,25.070725001875036
116.36678722228719,39.987233117062296
117.18520272429689,32.51081392413824
116.18830535877125,25.864850668346527
83.5524966174334,41.794725181598054
111.95086256683344,27.171400989992865
116.33580646445687,39.732009993884844
109.6173768016878,24.432477265822794
108.84020683032539,34.30060190024443
116.41843809505946,39.96898513158321
116.64434896261365,40.716240907120316
117.28786560390247,34.40837243750679
85.84880595851851,43.08760615111112
114.36029502176805,23.1006034383873
96.84510682512861,37.21212568993391
114.02500302712784,32.732982265513726
93.99533083607167,35.571922465272586
108.04411306808512,32.88935745851065
86.24855143722735,42.460578406301494
125.67966725571553,42.507929633361556
98.68582205495028,37.00408819002668
116.02510150057662,39.89889501841836
115.7182130349773,40.058665649647715
112.85937378472224,33.768934722222205
100.47161876859505,5.073008231404958
120.29988947413158,30.22895859413781
113.53272991864952,34.925709966383394
102.8175037077922,37.685247457792215
117.08182942465822,35.84149914677878
105.23670719400852,34.75858068473608
113.81862541087618,39.36118407049349
119.91348577156302,40.013148474813036
119.80559423126216,49.67629093262134
110.36772989152541,24.937192908474568
119.42876210812118,32.18733405429869
115.76507278839273,39.591088189285706
114.53756400646954,22.8433485822551
108.26509528082848,22.817067007216792
116.03447544284582,40.515829076581184
117.27170581617195,40.6537083572344
116.13260886441657,43.28122116916668
117.67032763317417,39.89468126483046
114.6298345181371,38.73010553933823
117.49940098770982,42.290526353688016
115.17984378052437,40.17206159213482
93.45348271646345,35.36818871341462
126.96578624707259,41.77269047775173
114.03703940972223,25.244742309722216
11.88654177168675,43.3734373572289
116.10629943612552,40.073991157855254
97.69864876939941,37.085413254274464
109.47871246174321,34.485016195258915
-122.15071756677033,37.434913225155256
91.54966169485297,32.07680866176473
118.1829748983897,30.274273960122713
112.84370752222232,26.549621487301597
102.11779586864407,3.4912741016949145
117.15217101905934,34.114609174081146
117.05319856375031,33.55703642158882
107.35513221000004,31.38691029777777
118.54369272502288,29.88476599358383
116.78412094542554,32.74172343765959
116.40639094984603,39.91067456830838
114.07861515543371,22.563989761938473
97.87266583247424,39.85034395876287
124.55872316833903,41.9492740250865
114.37312002030392,38.07413093839781
118.64044875543479,42.32676958152174
-167.0245927052631,58.59641730526317
115.03107809088142,27.406228775683896
116.54068094355505,32.721646186486474
110.14252858187861,34.54564126065782
124.82165914867953,45.112410297358906
114.77401783434419,38.39049950002645
115.59197368064389,27.963909933490374
116.0732726372976,43.93886622195255
110.07495694158469,25.468263256217426
114.25443699079025,30.62090205277872
114.36938999469773,40.15471782609776
116.9837450484481,40.0647542405882
113.65676867860144,35.08933388923409
8.882374528205139,44.71802237179488
103.88740540322584,2.1423671935483872
113.08789215736523,28.882139569286267
-149.5610048640256,59.81091058323979
114.52162195182675,37.84076785018662
115.83713733925273,36.639976132049306
122.011222381877,39.61138103559869
90.84530862528214,29.719265405191866
115.44942581299793,40.439685295178236
114.9548329285714,39.38971229365079
119.58236339174391,32.0203883965481
99.05470375193794,7.371650565891475
113.81562382946447,35.24269927291791
121.58801054630413,29.68392942707453
114.27547226690405,35.767166400625804
87.80250278947365,43.59242181578947
115.73705516636714,29.908801598502173
-149.52744432105263,50.9721597631579
100.73010554732505,4.613811415637854
113.85812106524027,22.64457104076229
129.02874872195108,44.78685861382108
120.10286897990436,50.70452925183413
117.20755871938773,34.88776743160919
-171.38582163333334,64.385468
110.90066987523412,37.434803245990445
116.53552437384123,40.02514618462786
122.61706266771647,38.11789928582677
112.93896952748567,37.71618308837825
120.11033865821217,31.456139465852374
115.4707704447399,30.14861844632355
121.41632859139774,30.173487547311794
118.844566873537,39.730655331923465
115.65427269505739,25.8807707202586
107.90122393321296,34.42225970848378
115.83659044252232,36.25273555299843
113.00229344703386,27.988989579331452
120.16807915564715,30.250200642843783
116.55658650163465,39.81344439005522
116.49889683434967,25.612898432418742
103.77915437571139,1.3777308569151763
110.12511362582079,20.222796514223184
116.97008394548067,40.405063362937824
112.947013947469,28.377882284240698
114.26281717914242,30.805303782613272
114.88132122039376,31.627439207270342
107.69759067473686,32.15065615263156
112.02780289432756,34.731013271225244
114.12167851122152,29.801513003863153
117.19062530086553,31.655066488390354
119.94256168644068,26.161401669491525
104.13472851215766,30.73586362960588
126.16308934563767,45.16832859731544
116.02216146617008,39.56337469473544
118.4193705753012,36.78117616566264
114.88409406120218,36.0376283010929
115.7184511665108,22.96101073807297
116.54463578884805,42.22056488823527
113.20619224640193,39.562551779504886
86.16785465413192,41.77262079503338
114.02714289639425,33.59191173609967
127.62079428064513,41.436446618010756
98.55425223708215,37.000383575227964
117.57452423977728,42.74866427260084
91.51255942754307,32.54529269608762
116.26654456923025,39.90310940327564
116.99432643292103,36.697183816075025
115.13000161935481,36.76876325865103
118.00874450625867,29.272090264255883
117.22854231556683,42.52516880520305
99.81542731828979,39.2485473016627
117.17911823524703,40.608127538336326
111.72884931340612,34.7429516581741
104.235483426009,2.972567403587445
114.6010179062188,37.455045984888486
117.9597911895795,39.295521909689235
92.31335644214366,33.820466061713354
116.23590043424556,40.287213819227254
117.54676866334137,40.46901559623395
113.04580479234158,34.78880262327873
119.17058775536672,39.70771848765746
114.8108087974947,40.82867648790265
135.081863,47.637565
121.15783906088923,24.923157317186085
92.9970426258573,35.01437341426613
115.94879883394809,28.592005141185815
-177.33255186000002,48.6345606925
113.19876418139532,39.835059815503854
94.92866818088736,41.41905086348126
116.44767318288814,39.984879344134264
125.19973530993438,44.04848213916266
115.0191896632342,40.576311171446655
116.96412294621685,39.38991072889331
-122.25232535929788,47.43968140790639
92.48988687351951,34.269089170896784
10.161807349593497,44.87836765853658
117.13497347299183,36.065799658119865
117.24030917602386,43.22348350460748
-118.34676588592029,34.11184184004223
-122.30185460306863,47.642010267885645
-160.15818178684208,50.9892355236842
116.73766232030012,39.685960373124665
116.92794831264041,30.770070351123593
116.4290576512985,40.03128063353297
110.09605848994704,21.04603433015873
112.92290605697808,34.73010010664835
111.30078627450978,27.74398382352942
109.82830354545459,24.62838962784091
-122.28653971656975,47.121245452519375
-93.22828085522433,44.96868214504431
125.0182737502283,46.598355669480135
117.57872634043954,42.97392272109891
116.06015066898873,43.102249273033706
96.23090006834529,37.26167588026718
115.88690510902426,39.953681238147446
121.05184576168594,30.679168077006246
112.14695824024642,27.0844855400411
104.05619977903146,30.543254527293485
114.45455166257865,23.33076060220125
116.4868260126913,39.95421161593355
102.66119281398362,25.025508653766753
90.58022383061898,30.1733717394137
115.8468038568484,39.817494057443994
110.74454827118643,12.862373343220332
117.20283312214401,34.25063054756374
115.50009442199318,40.02027198292091
115.73964715679296,32.795104301289
101.81646653431766,36.611794040254246
116.3194520412715,39.9836779312007
-174.9636727233334,58.545389099999994
113.03246442631573,25.834460271929807
121.40988917578478,25.05863738894566
124.63407736276409,43.38236505575119
115.66677656389604,39.98200237924126
119.90228494848486,42.78226616363637
112.44927387233915,37.77752718122808
116.182942619238,39.791409927956074
116.31422434946973,39.970630152311664
120.3621106,38.675921133333325
92.53635350092937,29.882922959107823
117.95156606619163,41.15100744645937
77.72637685937501,39.8657122109375
91.60103231489362,31.744263971631224
116.29831124629376,40.05060474535451
113.93606244743587,26.392452297435902
-128.85384374761907,48.76334977619046
96.58164466376306,37.15649017142854
91.62047220619475,32.98957115221236
-160.68201350465114,58.07422474651163
120.13708967575758,48.76033221818182
104.01487553412169,36.023804449125386
-171.24417251515152,58.755535103030304
116.33746168580721,39.77157318380901
121.44498467193202,31.053359121388176
102.25665733668959,27.292803761485246
108.73230872863917,19.081362666139274
116.40341773949744,40.05346157454178
116.43086231300603,39.64377178688803
117.21260666560605,31.84354942666668
-122.25224828248585,37.502404949152535
92.74188146272688,34.5580217636153
117.04212296466932,40.22289790120477
114.16547025425159,22.29101984524021
119.66817383710473,50.99541577620636
116.39323286708009,40.17348150466342
124.02616419710952,42.69112318358523
113.00158300000005,16.088279777777778
-112.13603740760213,36.011863211990196
116.3664213785432,39.92668286483005
113.51989782393166,23.834384068945877
114.03838185834957,31.75704046112193
118.20552136537275,24.627033168207028
116.38242274799902,40.0153566216807
120.51011039773618,30.57772794295451
121.52905827525453,41.20478147379499
101.11416422235466,36.46080626491644
114.86472536934527,31.370411173809543
117.65559604669487,24.521982840446153
83.84786382964616,41.826056000000044
97.58117169337437,37.15556248651767
113.51362114054065,40.0227039837838
95.29136594842515,36.80874161023625
113.58318992683411,37.8448798996695
94.80820983826786,36.27805484270911
112.27820041473949,37.35943662395171
121.47603940126656,31.23756536922532
113.63267357468986,29.073567318858558
128.16398706861312,41.42267875264598
125.73327072192514,41.981849788770084
94.54931550285278,35.87896073716245
115.74998956205637,28.062206816197463
116.28366933336909,39.831289530810565
120.30508151371319,31.583381042291542
129.5268501666668,44.56994390719696
117.45665288717949,39.332634693589746
114.72079034183167,34.452547853465354
-149.04206178099457,60.85793381999996
-165.51547644358973,50.55970649743589
114.33917869428419,30.1036164055235
112.91148931637349,37.85501897422187
119.30532641707174,39.62221539176044
117.13994952839435,43.44697201022938
105.16868818181814,35.238530656565636
127.86007386078431,42.30344172696078
109.98093320012399,24.879998838909547
117.13313934032435,39.16346698648924
116.26347232357055,39.88336197053647
-179.461837,64.654945
98.95802397395018,37.20174017437534
112.36010805413376,26.8448073070866
9.230206814476443,45.46303549051298
112.67052082304528,15.622965230452673
-171.34128979047617,49.78954688809522
117.30956962466239,31.88945167621503
113.05357265606949,37.7624868618087
94.05915426648355,42.219647989010994
113.25292044075758,37.869117481271715
114.08487655686014,37.997046615083555
115.1974424546344,25.99208589050086
117.26108117391301,36.72245527424749
117.65862750503554,49.33240537466562
116.4729446346309,39.910930575055936
115.19313821460082,32.23291972904627
116.38720727465373,39.899978222198065
127.62560473091592,41.93194290572516
10.89399478048781,44.6830586759582
113.12299987482218,27.49484061356092
127.85381293684213,43.562643549707595
116.3223903862669,26.730517062088975
98.32612666125377,8.246222566982402
120.74289401092656,32.24010753785825
115.86726291605325,28.846336453379084
114.05703639082226,35.443592793046925
111.69440277237898,26.589883945837688
114.48498457680276,36.818145518977715
115.59924490386685,32.68095577753302
120.15688270744951,50.24277306134227
114.19329111155825,30.9076646034016
103.78305430315031,30.871716489150252
114.34407114682823,36.00546294418731
113.14844870072872,27.80480033222433
111.57364726916462,34.72161065868921
103.5302932816516,30.905617364663357
116.10042192524377,39.61027993603448
117.11327052220688,40.13895948146318
-132.99853722608697,51.33382571739128
94.32384372873771,35.76139228140852
-122.18908520152392,47.63677118268041
115.794054814811,40.45371970665661
99.83091716569766,6.467166139534879
-176.12274096896547,58.461256268965506
116.32578308592825,39.93500154598999
113.96841887498994,37.99409717777778
115.44310858945576,25.93838056183935
117.52643736005015,40.868407030742326
116.59454004970348,39.738264738552786
116.65608374837402,42.373908021544736
93.867838202946,35.51233122504091
116.10635290073363,30.18762030488995
110.48814052469548,24.761038034844308
120.74465659186546,32.112555064516116
-122.2159600267925,47.539660514926624
117.13617825088348,40.41474911209565
116.53419640946446,40.31993133941946
119.29188053287358,39.7840909138046
116.24029700699474,39.90472799307879
113.66055636245336,39.665009919144985
118.74932456875007,36.722412831250004
11.163193667565729,43.86699803776125
120.4818261326656,40.44162088862178
127.21714644144585,41.536823994216896
116.49660774679883,39.81562372112302
109.28402341612906,24.1127399483871
116.27798997939867,40.02169684525972
122.01694896763003,41.28258282092967
116.98138317412683,36.259711636474016
113.33514249566167,22.94486346643168
125.49711943511979,43.91072749104374
114.01386371713147,21.09630536653386
100.50149452734925,38.98798655259467
11.547836868708972,43.59056064770238
98.31906559005574,7.879936912486212
111.94455445405598,36.89739086502853
121.02772244249041,24.82937800486871
106.48185369354061,29.579368125600304
116.26476242305596,39.86385209646267
-162.33023108780492,58.24232985365856
120.8085025138967,23.513017981470924
117.82050955978869,41.815621299655966
120.32686054476027,23.516983131555563
116.35658533097235,40.07895385945591
116.67141569244684,39.88037700727142
-133.14604928222224,49.11507664888887
113.64807992741933,17.03978296774194
91.95927980764272,33.494359487763
117.8834072891737,41.788691485755
127.47397066390045,42.1746181438451
115.49457610880187,22.90785277139365
120.63152652297318,23.429989699093483
119.10788347704076,34.4738031505102
100.21480129460573,5.528557593360995
105.4477234726688,35.062951286173636
116.10807515354554,41.52267364600779
116.34785287624844,39.865193622530704
112.76901940513727,34.730051997874206
95.58266922763367,37.23437159502384
116.58803367260657,39.91003436580001
116.69402155680557,39.981566769350806
113.54247022536941,27.36224299334976
-130.24463111,50.501736772000015
85.53242667518238,41.9155105060827
98.52039595928596,7.8394652783045125
115.42698397551538,39.063897980670106
11.344169401611035,44.47297034982737
113.72976129776245,40.0306605490533
116.17836988934252,39.89501397927454
120.21283112717852,30.20733541338726
116.88189259643183,35.48915103842909
92.59818832211167,34.351949944529466
114.03004347000001,25.82421569125
121.24416941274029,41.070497595666346
115.8911066838435,29.60466878613001
113.45563622629874,25.580193802922075
117.68155254008896,41.999539046607296
113.59857517346947,39.23531385289117
116.37893226966989,39.96933847770248
117.81191728070962,39.862830048120564
115.1525397619195,27.6783012517028
116.58082554127351,39.976388557731
116.42556382949407,39.904410127525914
-134.56849329302327,49.334830062790694
117.20042239701829,31.242179899770672
116.37532878534836,40.06245449994555
112.96789309641215,28.11834981619562
12.298156392830476,41.804463047796894
115.98193746385715,40.225080260913245
120.12068493332912,30.24715349552705
116.88311191161472,36.60210414530054
119.79265543625358,33.795306934743145
116.32769088971725,40.1407515371648
116.8227516554463,40.167613586219325
113.104535665155,27.650531814436878
116.58604614444394,40.08125410709319
118.77485907481832,33.866282093704605
121.2045563204678,30.34115404093566
115.03823470561836,30.573562462962958
98.76072360340633,39.47983264963504
115.81387637225595,40.335189091443375
120.23786926630446,32.05762324184786
116.63127045663363,36.921009175980004
112.14115552032267,37.89086968860303
117.1793792714606,39.12102427762486
-143.53744261142856,50.4570082857143
111.30612081800575,26.364952719909645
112.01523749159661,14.69472491176471
118.0735303816935,24.454643958870605
92.34744288747592,33.93313790712913
108.02686115624996,8.84086766071429
114.55538130620835,32.7083944008869
116.11778419575354,39.938614644436534
88.24536851219511,43.049807735772355
116.33834675471515,39.82348437119142
113.17640720444437,28.221534858888898
-139.8860988282051,49.993443530769234
112.48466301617049,26.89715403785371
-128.83261504705885,50.037373309803925
-149.58454781685407,61.317453577528156
-117.21556372085391,32.78485848002188
116.24045651690673,40.169533863270956
89.47785353018371,43.13150832283464
116.03752284486046,40.06408390485691
-156.0384308,51.101889351282054
111.92156868598137,27.583796902803744
114.5104966190687,32.24611071862526
117.44681970993798,32.329045140993806
116.37545936124658,39.863134949527364
115.00108438204481,38.56135748045749
11.257359404768971,43.77210466409402
113.42757664721033,24.7161227446352
107.73883141517854,8.407388174107142
-157.42797418863637,57.34648688181819
125.95596505963294,41.44272269877674
116.36609040381252,39.905495528533365
116.23888194516121,40.38842258186572
116.1059843785138,43.47121288432435
116.8973369250896,37.53857146188769
2.0813328856071283,41.31371069292075
175.8882589909091,56.3554000969697
110.43779389485043,19.938899332915796
-121.77616806911806,46.76963111176489
113.48642127581947,22.75708580080399
116.0752108192355,39.646537163034665
115.38076764897959,37.15037517795917
116.50504287164412,39.90998462307943
116.62702989903771,39.91137944719012
115.78565379032474,40.003694389552244
116.3545211908691,25.7913109002567
5.024252422704119,45.69353990038577
111.90409797955942,37.01056645905068
92.39965903803493,34.17440137797147
106.91632935343625,34.33069113814714
120.34467290846452,30.33206473264123
113.52278437267437,23.14545248174417
104.0383559488422,30.699550735727517
116.41879804764388,39.954463818770364
123.5149017261619,41.97599463673879
117.53731969281047,36.711560124183
116.90147943234064,38.6791831221513
125.13999444163905,44.43875405422193
109.25643185328188,23.844349938223928
106.24408473037148,34.53017497813823
126.38574548989367,41.90716541989367
90.74166759670166,30.278324461769163
115.81686629346278,39.30212851832494
117.98890272165684,24.49208117135857
120.04706308189161,33.48415096885815
115.87514127986888,35.597984717842095
116.65712098263,39.658101050729506
103.0430722388419,36.239699772014475
103.73194218323893,36.110579871715665
117.22737208837708,40.82169364014306
120.1661580263717,23.000987861396204
116.53649235784772,40.14804517485788
113.79203803060308,38.920577619261984
120.81849621525424,46.92069084745762
85.27147512838636,41.98771675500589
115.18260492598648,26.207960649897593
96.39447848258703,37.19740246102818
-142.36055454324327,50.31749107567567
116.30874109729825,39.99241142861066
98.33372649511051,8.107802253474018
117.33970147705826,39.08944671073867
-118.08422880424745,33.77731727054477
116.86298467928326,36.50442620191055
123.51174252277954,41.85470339830721
-149.3748340260872,61.52471367015273
117.1205161939985,40.53577789657518
100.99113287346941,5.666115118367347
108.36126920551509,34.25321908160404
99.73242608401084,36.82013292682929
11.213404428125004,44.28083099062502
129.8035453769231,37.191969103846155
122.43729949484526,40.56793680068728
177.79451362068968,56.971173231034484
102.3447144017094,3.0668692649572655
116.05825737381335,32.841342404034826
116.51445831386144,39.57205222939865
104.63471504426565,31.423256239892723
116.16446408287973,40.232914253891536
100.01501197649428,37.25029003783303
114.07351393297861,32.25880669099202
116.74235314014854,36.81353638182332
12.524601646511627,42.03380899534886
118.50500249033449,49.38805017286242
98.24731162328773,8.063990280821919
102.18264307811636,28.015894716897513
114.38503569769223,30.49078020844222
116.73877454358974,38.160336562666664
7.432129058378821,43.74317447291061
117.34491338048875,24.535414918896674
115.69607753465344,28.35106567788779
116.28422945307967,39.80196922090256
122.0183274563636,43.987554065454546
-147.42930881463414,54.5813252195122
101.18366952768724,25.259069190010862
116.3291095263167,40.318292080189515
116.17598083560895,40.0745494517068
116.87457781850536,40.386850249823404
-164.03822152972973,50.70390228108109
117.2358509865131,24.60323788681666
94.70011437734246,35.906206167376475
121.12945936406935,41.09233680882642
100.61943235884769,37.015512683127554
116.20467281863422,40.0405362215617
106.98903827181007,29.8741889023739
116.20799660532079,39.898109260109344
101.45056674307857,36.65614325269304
-145.83367458518515,50.69229920370372
119.52588004535968,50.823598554756444
-118.00437363927631,33.67010481240307
116.32710432061458,40.04247735817512
116.43840031851066,39.96760114514265
122.99620341778372,41.68363835822454
-93.2040289908815,44.899245718338385
121.3160857408457,31.169809473495068
-147.0281273742857,50.79608902857144
119.1013795952381,42.49561583214286
117.78432291679245,39.206034920440224
113.34821559571249,34.80814902042876
102.72898697108066,37.813112648401805
84.40593993918935,41.96837771283788
115.6231910765298,39.00057203408553
113.47077449780605,37.856501581589086
115.91644626932417,28.149881344381143
-117.74422129320382,33.62663292330096
109.92013380941543,34.524378678067286
115.09926317829459,24.155283817829456
120.44486014452391,31.450540110862743
120.23089498108601,30.288012829777987
110.01567494833647,20.78978768739053
119.60389512972979,34.231917532432476
179.48441455666665,47.87363757
-154.4251562279069,56.48526319534882
127.25273672911963,45.36467965462759
-122.01098305540854,47.56073185607065
111.36854975744684,13.778360319148945
7.174417999540649,43.65014495360591
102.16434599737542,28.183811638123306
-159.652873,63.424605
118.97401229741935,33.094480028387096
119.43312158653839,36.55635658413462
92.05298445640075,33.57797486307977
116.60668084733399,40.04482224749663
116.46119217215292,39.99210785680399
116.73463203332938,39.928397686016616
120.49532538933656,23.43589856974935
86.60969671621623,42.89549394381219
114.46736104977168,31.780638764383564
115.72119940811066,39.74407512936351
119.52714945140843,40.05046163267606
125.61834188111887,37.24249871188811
112.2891918918919,31.257520270270287
-173.76582887419355,58.62686498387097
98.76180857780425,7.71842277922078
-179.4301846848485,57.776966257575765
117.23868446641609,40.69842931903937
116.9227340777852,38.91087464481988
116.45321068277013,39.952471193069314
116.32282413332659,40.21573724440405
115.88007586349372,38.44382642974196
92.65288624404766,43.06083792559523
110.43165117778699,18.90808231015689
121.5452862070609,29.8699505458015
113.85889378260258,35.3198261440463
121.38083479778913,41.14248501979593
-140.9623016057143,53.23730670857143
115.7312783889533,37.49748789654792
108.61096989867846,9.717162233480181
9.025858285714293,45.01707651733702
117.77450371902103,41.61706453735434
114.20439912582412,22.41367502300364
109.52943389999999,11.039412569565215
114.27325744274002,30.57773867486245
87.52578388140711,42.85333249145726
116.46554496808508,27.103470046099297
121.54117072780684,38.93258002892345
117.09668833798072,35.95208930624201
126.56857057098776,45.703970052469145
-127.47236876829268,48.62962848048781
101.41889506995881,4.778072609053499
114.91468600044404,31.899583151272953
115.34491627996462,32.459375977380176
110.28629941000383,25.266154136499377
117.26002667830723,42.438005306334304
114.3741761292683,39.792301773170735
113.70495918764942,23.465648740637437
125.43625289225852,43.78306509892266
116.34531822794318,39.96802151609298
114.07340882537468,38.874631483737026
117.65968795973396,41.1602467939723
128.16264930156248,42.19836475360576
116.50230744009791,40.00075483283127
108.1320336263754,34.2543487150838
116.45384392331948,39.933184777623886
117.57327269646632,42.14409644893746
111.8092227965686,26.704325243137266
114.87913021856285,31.498225112631864
116.30118647126338,39.967749819983446
111.1982544486071,26.125501804034585
123.84038902443184,41.876293020454526
119.20453099082651,39.922028486743294
115.78278488322913,29.141471512708343
-152.13290624166666,51.07142462500001
-117.41299517685806,33.242587864534336
117.00560338710403,35.30097423810924
111.80066387211235,37.30921200235564
113.58912243239982,39.00751730347656
114.09242459775719,31.90861871136031
112.52036533820458,37.40971668684757
116.6398223939656,40.184811801641054
120.67460412302688,24.33552721855369
113.88272957230136,38.90756271486767
113.30543819376025,23.30072308620689
116.34358811287498,40.00501524724939
111.79574498969086,27.62948254123712
113.60548714338924,38.92798981750465
115.36878088098632,30.302293184115662
113.90024039732347,22.556675039518645
110.98926799107139,34.59269136616302
118.14576870474141,24.724331704741353
103.58477901174172,1.1280093150684927
116.5381567455019,37.91324105130871
125.69960967238086,44.509836276190505
98.36107589561276,7.992544478971248
116.02126067213503,25.884546466181664
107.15130613048902,34.36560267813876
-122.0390332231543,37.38259878187918
94.27147318930044,41.91261654938272
102.50802421721315,24.95918080327865
116.25954869436042,40.13058053079764
-123.07568269278343,47.940533739175244
114.07095195818896,32.14992904758605
103.96016196345953,1.3329780650866656
92.2502053950399,29.710029260407406
-168.48441254444444,58.670313272222224
116.30138135393669,39.44580370825928
115.69133288552929,37.00451534695706
116.7735166432814,35.806601805529226
97.109000415216,37.2577973655706
120.61328659130152,40.5850928006968
118.73982932163041,39.88252545736978
115.80671078101948,33.481082226923625
105.68216272944689,34.68760971474837
120.03965724646459,51.05180591237379
90.91114552795598,30.37146429239231
125.95315819045055,44.08515663279278
116.34745202211425,39.94178775311527
103.95245475732827,13.56277999592151
-117.24630222781568,32.95342347354944
120.39518629800827,23.278389146867834
117.4451527790447,42.33447485216753
115.19489280898412,38.92900119543883
103.40803154815941,36.16977456101868
103.98727550306373,30.5699975486816
117.21258315053426,39.99216844227948
110.44733267262671,25.043770149851014
124.23608908220461,42.97979190041639
117.1496358410519,31.718218861802253
107.17113631081078,7.54896616666667
116.32590652010836,40.076884859846786
116.2665544290429,39.99828299417278
112.71064227566704,37.70681262066169
104.63172819249776,35.481926600628896
114.4781959515211,36.695537600300604
93.4979568628099,42.84019442975206
177.27516980294118,47.299891505882364
121.06410248671565,32.0493612288457
115.96940047970915,39.97153662092653
110.74871321320398,37.35426816656577
116.8938917521637,38.41880269998123
91.7222530306946,31.658141609046844
123.55064401362989,42.37982691507591
117.1822946340136,41.52973328027212
127.01234129926999,42.04593964963503
114.94088332860426,41.423101271167056
104.27828325214597,35.78832556044351
119.57473803134455,39.93597701045348
114.2662956942341,22.625790624919578
116.30941024255688,40.03234712687272
113.48767018301884,26.48319566334232
97.4914669033597,37.25843734840316
115.74313937661641,40.33070688120223
118.62832036256954,39.35121981833729
115.84627291666665,33.0944668678263
-153.40831915555557,51.09581392500001
115.14108053391654,38.68076027207062
175.61915,64.751993
104.72366480504006,35.27694206460482
117.5308496702017,39.93586716515815
116.22225260336698,39.98586765522191
-144.68238196829267,54.190334529268306
117.94465918211864,40.913523155570786
110.90758925925924,28.085709444444436
105.26371565085032,32.2037947463719
115.82636867031246,30.860171085937502
119.63558074457241,50.214015536184235
115.68945546596557,37.16144978026585
116.45697038316321,40.012913822551766
116.16337643233743,39.92803670771036
-77.35448099938698,38.94983875985963
117.07346269008508,35.20216055778734
113.87547759459453,39.462235661696155
118.03733970026018,39.797768123186145
116.74142795645177,39.811715820374474
113.43277727939771,23.250550501505554
86.5037671586494,42.070428752173946
-149.71475190242776,61.01929381805759
95.38630091467711,36.96192417377688
114.56426928692638,37.715050875383426
117.16662540003456,42.543994845169095
106.00706104334728,32.98694473141293
-139.6748818088235,52.93663837941177
-137.29349802499996,49.7024005175
115.15207987499998,34.650486083333334
120.847382071617,31.374788851662846
119.82001917016696,40.05098930414
84.6892549186992,41.992044494918694
121.63286148482639,38.90936361778226
116.43450997209595,40.69520722079125
102.07779750531107,38.36567324430956
97.98254975705261,37.02466750821052
118.37107424069023,29.820115841961826
115.46067273953665,27.877296960164433
103.31038059329445,36.65752130029154
116.195978359353,28.27664371884669
116.34217455965432,39.92335873304201
83.28098366747278,41.75820871221279
120.10082487042506,31.702559672838603
116.57918240067191,40.27442656549034
126.54640263698633,42.002132609315034
116.30397428576705,39.923310391875965
110.3770601560201,25.47220403600463
116.32890026043387,39.97569427027852
114.03833626656068,32.60794744020492
117.05828928647192,24.609447438467946
114.05511845475407,21.69003859442623
113.73773559950227,35.16561860979871
120.77010018755244,51.41129774349651
118.89677276268696,32.12021449395787
92.77428856120085,29.92046741185527
115.8356645582578,36.02028751896274
124.0239350374378,42.542210956517415
94.81242745451736,35.98530222431929
115.87568452994648,37.99667127860964
129.11685313200005,37.526599151999996
117.2547778672228,31.83756708529237
114.03079891243192,31.611819361102857
106.05995280465115,5.8548683488372095
117.34483159633139,40.78333153677641
102.90610463841803,37.53393147740112
118.69630115614771,39.75830531304801
117.67056909109162,40.889036303649995
104.99806996401023,34.74181451670951
111.39156516486611,34.721164453991946
-149.42430135334138,60.73346393693807
117.56744501252255,39.73028113506099
116.47660546846829,25.270336315878364
120.42878468421056,47.83876839649122
99.59326769217384,37.14551418927535
114.8867520775454,31.766482351520228
106.23096516168825,33.70913640535714
115.9862808265099,39.45670441052559
117.16375771157433,33.45451473823816
110.7920604127424,25.80569718374884
113.93771196182388,30.969721202163605
117.97642299497986,27.670378780031687
117.79683810396267,40.93717359322609
118.00129069520835,40.8236971619167
128.28288711655483,42.74361270290833
116.08905168097975,39.70896065667587
110.63746980413582,34.55154384591725
116.34136353801365,26.905303891095887
116.2208791874757,40.21374583932408
115.64784966097041,42.258780864978924
116.98491967287171,33.670080441946794
113.78681209600798,34.591067768816224
113.73001247669778,39.285469912117215
122.46972521213856,41.45946454582653
86.13348923139168,42.970157766990305
117.13853786056757,35.095041495439474
116.25076855616392,39.59269393272125
99.9591414024896,5.981324228215763
-122.12060306817031,47.664999330260144
114.79463249452958,22.875802173960594
113.51129757741936,38.385570775806436
124.92049406265458,43.584221909894396
127.04845330140843,45.49862703661975
117.52171728352779,42.21200710163094
-122.23329472238323,47.8787069621578
116.44265469304462,39.77098074575068
113.21163417432045,40.09869289784444
116.32284136044449,40.01030305203175
113.92763873989361,30.387896207180848
116.39865339710609,40.24570054372322
114.97649100759493,38.771263248101256
2.3002516117440788,48.865313770084704
115.95417774493467,28.418853865436763
116.32697864458751,39.96317645368977
114.83888923150913,35.655464068159205
117.7445942045217,41.51700415392431
115.61054613652537,37.94077295201466
110.1295774742908,20.383930435283673
122.10893683647807,39.92374647484279
114.53930201626599,37.33707245184764
116.18122124595781,40.181413187201244
117.35898951697567,34.59795266358651
8.706232763565888,44.40744319379844
114.73812378870586,34.84756621341177
117.36163820267923,49.622152707166784
117.29140943024768,31.789737736930554
114.20842461651395,35.65801187183189
98.46416380512817,39.63334438290598
116.04255423112775,37.599540045666345
115.63335281679237,39.63176289379924
93.16880974100447,35.244735743253365
120.63832828456249,51.32244287758113
116.47697427946015,40.12030030335135
116.46108229845399,39.84997606418297
112.89796983255081,26.175065078247286
-149.62683913698206,59.674845860111525
121.2174057206897,45.959706615517234
120.19801625176059,33.28544427464789
123.24506562541039,41.80724694453963
106.20492460505623,30.949332996348335
104.14208363154087,30.59361630850288
123.49000661863364,41.662241321118046
114.15742571278864,38.053014285286594
121.46523979782755,31.192041636471945
118.89132385239569,39.91592542620576
117.14481426601336,42.58161248469283
115.93303060575694,44.34310994733474
114.67400317027021,26.14867169999999
117.71816822781518,49.46315890731981
113.83948530263157,26.955382992105264
116.27161159622558,39.951857480443195
117.01102530753987,39.79203862056458
115.49860944091397,38.76868141324834
101.14350984929368,36.763488492543196
176.86211203870968,56.676667729032275
114.15716350332231,40.09397342026576
118.43681466638832,39.290437812734865
87.33122771956094,42.84133520059882
116.10078177587776,38.98050030301103
114.49093624316042,36.939905682265106
117.45911491788321,40.604104881386874
98.87041766658808,37.10502365195846
117.28863830349891,32.72460926623225
115.30189415928513,32.3349842832607
116.41053102292962,40.11395718984016
92.34631657045306,29.847051893234003
116.36064652619166,40.00537662723366
116.90265324003941,42.433607060157776
116.52484539797192,37.75352673272725
105.60749472558138,4.96994746511628
121.30271052255628,30.7653539756534
115.80272410891351,29.014347402053936
115.73751464151607,38.298963830853694
116.37362294382267,39.08910640094802
117.5547788830936,24.573496122457094
-150.0544509528081,62.04959663088772
117.1327592375735,42.52157438786743
120.52532344931912,32.509750729198174
116.66959558267914,40.468998202234964
115.57741248165378,35.04699736368074
117.21111758991927,31.77138764398709
-149.49880778720856,59.734617717454356
116.30348763196345,28.009226184931507
127.74371607101358,42.05344376930523
106.79988350123456,29.653318879629637
113.5944714385504,34.833932566057435
117.31017496080703,40.72402016750047
128.05632896363636,37.59373706363636
116.45301570691566,39.910388109034834
117.64435035872243,31.703298314373516
115.30308603913046,27.94438711657608
116.54498016659335,39.86707945846645
116.14474388880767,39.809395050273366
-118.2604176591821,33.841507300721716
118.41753735224307,32.22275732662809
124.8746871714286,41.7158691720365
101.04993440487806,38.80590244634146
119.25050051464974,32.17470824233544
101.37065836234174,25.14049944303796
101.52757523035235,38.65074195392953
113.33330213563106,29.4919005047072
113.82577277235772,18.759016178861792
120.30626278125003,33.037133828124986
112.34180534024888,15.158316174273844
96.9755745472703,37.229002312250316
114.05263294576382,32.36258936702039
99.2069561586592,37.20190603072625
90.45673619734661,43.10477963681594
116.1806465295964,38.49724579103138
91.51935821106258,31.901128068413414
116.2600553675054,39.801597551221185
114.95328914338025,36.41355945211268
117.26143599244847,41.96737862219684
120.30623322693698,30.17086237766743
114.93049466019411,24.995636893203876
99.44466042018779,39.31331332629107
118.18656449285714,42.136464411224466
113.8700764393939,33.90345169825381
125.16915447953127,43.78456600754977
86.96297112483408,42.83096881474108
116.29426146666654,32.75238479708432
116.31985823154994,39.61116270325891
116.30054968907989,43.30984256140613
116.61868501711034,39.850217658290575
121.95209772096794,39.07829444354834
114.34247248164625,36.27156113293433
117.33419515592597,33.22170123665345
118.35841517702745,39.84826329733334
91.35576704334369,43.14768952012384
91.0562664822867,30.452910314814833
117.37083563106171,32.938690708128775
-169.85198690487806,50.02033990487806
100.1707748221709,39.140393923787535
113.9296139924541,31.09833405528217
116.48245870773177,39.982840278219804
116.47561794603406,43.390701773872436
117.83354008812071,32.845237848543874
116.47565843258894,40.04478710242727
91.92654371566805,33.380547029772984
103.95099881914895,1.7022489078014191
113.12768603865987,39.604485190721675
-177.25147238999998,58.33299884
110.45719940808162,19.19410808761329
120.15261173826374,40.23591856034618
103.9338295012051,30.76620534226112
116.13637346092942,26.013387369535284
102.33721908126414,38.164380584650104
116.38464559488061,37.63995488850545
93.77190538392856,42.521272499999995
118.20493648688527,29.854217512568326
113.78093028278687,18.180021176229506
116.75828835448,40.29860234954781
106.61091343119263,6.697395077981653
116.26966424525735,39.92518413957355
-142.17066906052636,53.52218235526316
118.23265278413889,31.45582497534081
116.36478066160463,39.950482086088996
133.598212,40.180585
95.52360874604743,41.096470336956514
117.84321352468426,40.73696780243799
121.68020233754555,41.25971865064676
-165.130503,64.0127849
114.4913045849365,38.06422233765063
126.30987277322079,41.39475608685164
116.02694772960116,40.31280914771501
-155.88743944318182,56.91862616136363
128.08181800630368,41.66491301805157
116.63099478251723,40.281911447919974
113.11089264136623,29.225354459835547
114.09264432367522,22.960460136057463
117.20633079531673,43.837710702203836
116.35216431697249,40.39084306113766
114.99246036068548,32.01804353854166
125.05734257611257,44.81310777798602
115.99698308018218,29.805988016818535
124.35645813339654,41.95804312675523
113.74159145605265,29.9921352831579
113.00279273485917,27.35186638953759
116.24108892735714,39.8697767353413
114.03423625585354,33.3714234897616
112.18123231025264,34.71978234286879
120.31292951088697,23.09822226697441
108.73884003718767,34.3909246953349
113.57904601409928,28.24087098067886
117.37793446940871,43.97635678457582
116.3610148545941,39.96929129915651
100.98877320081974,4.153566188524594
116.32849978534388,39.99222377389894
116.93998569375,29.49750469652778
112.11438994319555,26.784729716461182
117.5010788241379,35.45113652068966
108.658017116,22.84244620000001
114.03537183035084,32.85718945157895
101.74264526812284,36.64045975322937
116.46105334160184,39.80636616848045
116.41687803679874,39.97896589706913
-126.18791590128207,48.83647458333334
113.65759028191671,23.038745026183683
116.4777266366242,30.529838384076427
92.8963407048284,34.74009877983602
127.38883322516561,43.79451529536422
117.3274236574205,34.49649904941017
117.02442633993624,40.59351467437783
115.51028516765574,28.151838184273018
99.57326314117647,6.712339085294116
94.99707885171946,36.562742891916024
109.10900409830506,23.236381664406796
109.72351207266117,18.32258307416602
9.138327750542306,45.18945191865511
114.17466330187676,22.23675679748226
91.60071997082152,32.40240287947984
113.0245207694553,28.09682461802856
91.88314822459428,31.337062398804434
116.15018047706279,40.1282128066466
91.92645802840356,31.54144135945152
118.6253587750929,34.336247169144976
120.9700570852325,31.355676239755994
117.04769944308858,40.110956069356334
115.68954199217771,39.09826238424919
116.31882117412054,39.85736227614997
103.98750023275859,2.573718931034483
91.67216044496479,31.11094830835287
115.76299379483638,34.140024776215455
115.30911411121967,27.51922718845479
117.22416349846914,32.15622397524279
116.63774053769559,40.33969829136295
114.37775240997246,38.82307805724836
105.47034343122681,34.72853559727386
111.87363038510968,27.306206632030047
116.40429692570079,39.94421198663951
125.35634568672819,43.886425336479846
117.57516251377241,49.54071781137723
116.04221274667057,39.99212030099455
101.91768311764704,38.47001860962567
110.03792131285546,25.069413178612063
116.78660097908502,40.04266472902339
116.20752340970337,40.2576119385207
111.23230091397278,34.74948082548362
117.87993863268402,24.503541413573068
109.13127805405408,35.351428711711726
115.96898556942001,40.362437792221
115.78018959747551,29.385081518160746
-174.56951,64.386304
113.0126265245462,28.538515822400992
117.34875395665306,40.399074606445865
120.57805104737386,31.344117216247245
116.93996315803311,35.670551166807314
113.98897094533658,31.479847259854026
-158.79303174,51.044764324999996
112.03677775336423,37.11193652605539
116.47616805688072,27.776037300000002
116.40142083079586,39.868020380682076
116.3135859790124,26.512901009876536
108.90728086842101,10.16011373684211
110.45942301463413,24.823688022996496
102.61228052836881,36.42082404728133
112.23630765940767,26.825203855400705
108.41136924945054,33.59720399010988
101.51047354251011,3.2241931781376514
116.22434860001148,39.84567554742533
116.53987529898484,40.09751121998116
114.9016334195465,31.25313830170098
86.28884749542361,42.68930484878289
116.01337615189871,38.2377892021097
107.02168734639173,30.61440554432988
117.82653267202573,36.72242503215434
125.22282727222223,42.28138358888888
116.31349487637412,39.67242116640137
125.14003123282795,44.237375782323156
117.21829957865765,31.591476523033233
114.8984586392718,30.844068688794962
117.21010322682051,39.13533909399633
116.08512123404866,40.10438514768001
115.27753044430976,22.834996905569014
116.60743721701499,27.526670278606968
116.28875500034364,39.99719002565633
115.28778171788116,26.48883062584346
114.74012052824419,40.34176118320612
112.32922708969473,26.99884175572518
117.01067689736065,39.143672723567484
96.64365685172413,40.562393177586195
110.81062816568628,36.60916263137254
110.29683783665334,25.103701749800816
116.4025248343606,40.00256931125623
121.32035757786726,30.946104776179517
110.43590525990922,25.12022284269196
116.31260754048509,40.070390607695984
120.74763586451613,43.07617167419355
91.87069163269634,29.775904301486193
116.07230813303131,39.81228800231992
